DNA_Barcode,RNA_Barcode,PlateID,Cell_Order
TTACCGAC,AACGTGAT,A1,1
TCGTCTGA,AAACATCG,B1,2
TTCCAGGT,ATGCCTAA,C1,3
TACGGTCT,AGTGGTCA,D1,4
AAGACCGT,ACCACTGT,E1,5
CAGGTTCA,ACATTGGC,F1,6
TAGGAGCT,CAGATCTG,G1,7
TACTCCAG,CATCAAGT,H1,8
AGTGACCT,CGCTGATC,A2,9
AGCCTATC,ACAAGCTA,B2,10
TCATCTCC,CTGTAGCC,C2,11
CCAGTATC,AGTACAAG,D2,12
TTGCGAGA,AACAACCA,E2,13
GAACGAAG,AACCGAGA,F2,14
CGAATTGC,AACGCTTA,G2,15
GGAAGAGA,AAGACGGA,H2,16
TCGGATTC,AAGGTACA,A3,17
CTGTACCA,ACACAGAA,B3,18
GAGAGTAC,ACAGCAGA,C3,19
TCTACGCA,ACCTCCAA,D3,20
GCAATTCC,ACGCTCGA,E3,21
CTCAGAAG,ACGTATCA,F3,22
GTCCTAAG,ACTATGCA,G3,23
GCGTTAGA,AGAGTCAA,H3,24
CAAGGTAC,AGATCGCA,A4,25
AGACCTTG,AGCAGGAA,B4,26
GTCGTTAC,AGTCACTA,C4,27
GTAACCGA,ATCCTGTA,D4,28
GAATCCGT,ATTGAGGA,E4,29
CATGAGCA,CAACCACA,F4,30
CTTAGGAC,CAAGACTA,G4,31
ATCTGACC,CAATGGAA,H4,32
TCCTCATG,CACTTCGA,A5,33
AGGATAGC,CAGCGTTA,B5,34
GGAGGAAT,CATACCAA,C5,35
GACGTCAT,CCAGTTCA,D5,36
CCGCTTAA,CCGAAGTA,E5,37
GACGAACT,CCGTGAGA,F5,38
TCCACGTT,CCTCCTGA,G5,39
AACCAGAG,CGAACTTA,H5,40
GTCAGTCA,CGACTGGA,A6,41
CCTTCCAT,CGCATACA,B6,42
AGGAACAC,CTCAATGA,C6,43
CTTACAGC,CTGAGCCA,D6,44
TACCTGCA,CTGGCATA,E6,45
AGACGCTA,GAATCTGA,F6,46
CAACACAG,GACTAGTA,G6,47
GTACCACA,GAGCTGAA,H6,48
CGAATACG,GATAGACA,A7,49
GTCCTTGA,GCCACATA,B7,50
CAGTGCTT,GCGAGTAA,C7,51
TCCATTGC,GCTAACGA,D7,52
GTCGATTG,GCTCGGTA,E7,53
ATAACGCC,GGAGAACA,F7,54
GCCTTAAC,GGTGCGAA,G7,55
GGTATAGG,GTACGCAA,H7,56
TCTAGGAG,GTCGTAGA,A8,57
TGCGTAAC,GTCTGTCA,B8,58
CTTGCTAG,GTGTTCTA,C8,59
AGCGAGAT,TAGGATGA,D8,60
TATGGCAC,TATCAGCA,E8,61
GAATCACC,TCCGTCTA,F8,62
GTAAGGTG,TCTTCACA,G8,63
CGAGAGAA,TGAAGAGA,H8,64
CGCAACTA,TGGAACAA,A9,65
CACAGACT,TGGCTTCA,B9,66
TGGAAGCA,TGGTGGTA,C9,67
CAATAGCC,TTCACGCA,D9,68
CTCGAACA,AACTCACC,E9,69
GGCAAGTT,AAGAGATC,F9,70
AGCTACCA,AAGGACAC,G9,71
CAGCATAC,AATCCGTC,H9,72
CGTATCTC,AATGTTGC,A10,73
TTACGTGC,ACACGACC,B10,74
AGCTAAGC,ACAGATTC,C10,75
AAGACACC,AGATGTAC,D10,76
CAACTCCA,AGCACCTC,E10,77
GATCTTGC,AGCCATGC,F10,78
CTTCACTG,AGGCTAAC,G10,79
CTCGACTT,ATAGCGAC,H10,80
GTACACCT,ATCATTCC,A11,81
CCAAGGTT,ATTGGCTC,B11,82
GAACGGTT,CAAGGAGC,C11,83
CCAGTTGA,CACCTTAC,D11,84
GTCATCGT,CCATCCTC,E11,85
CAATGCGA,CCGACAAC,F11,86
GGTTGAAC,CCTAATCC,G11,87
CTTCGGTT,CCTCTATC,H11,88
CGGCATTA,CGACACAC,A12,89
CACGCAAT,CGGATTGC,B12,90
GGAATGTC,CTAAGGTC,C12,91
TGGTGAAG,GAACAGGC,D12,92
GGACATCA,GACAGTGC,E12,93
GGTGTACA,GAGTTAGC,F12,94
GATAGCCA,GATGAATC,G12,95
CCACAACA,GCCAAGAC,H12,96